encoding,workload,ts_model,chunk_size,len,data_size,size,bytes_per_sample,ratio,capacity_4k
dexor,bursty,regular,4k,617,4096,4272,6.638574,2.410156,617
dexor,constant,regular,4k,10895,4096,4272,0.375952,42.558594,10895
dexor,constant_int,regular,4k,10894,4096,4272,0.375987,42.554688,10894
dexor,counter,regular,4k,2603,4096,4272,1.573569,10.167969,2603
dexor,discrete,regular,4k,2409,4096,4272,1.700291,9.410156,2409
dexor,drift,irregular,1k,108,1026,2224,9.500000,1.684211,642
dexor,drift,irregular,4k,462,4096,4272,8.865801,1.804688,642
dexor,drift,irregular,64k,7378,65538,131248,8.882895,1.801215,642
dexor,drift,jitter,1k,124,1024,1200,8.258065,1.937500,642
dexor,drift,jitter,4k,513,4101,8368,7.994152,2.001463,642
dexor,drift,jitter,64k,8432,65537,131248,7.772415,2.058562,642
dexor,drift,regular,1k,147,1027,2224,6.986395,2.290166,642
dexor,drift,regular,4k,642,4098,8368,6.383178,2.506589,642
dexor,drift,regular,64k,10606,65537,131248,6.179238,2.589316,642
dexor,noisy,irregular,1k,103,1024,1200,9.941748,1.609375,560
dexor,noisy,irregular,4k,413,4100,8368,9.927361,1.611707,560
dexor,noisy,irregular,64k,6629,65536,65712,9.886257,1.618408,560
dexor,noisy,jitter,1k,115,1032,2224,8.973913,1.782946,560
dexor,noisy,jitter,4k,459,4096,4272,8.923747,1.792969,560
dexor,noisy,jitter,64k,7354,65540,131248,8.912157,1.795301,560
dexor,noisy,regular,1k,140,1031,2224,7.364286,2.172648,560
dexor,noisy,regular,4k,560,4101,8368,7.323214,2.184833,560
dexor,noisy,regular,64k,8980,65538,131248,7.298218,2.192316,560
dexor,periodic,regular,4k,571,4096,4272,7.173380,2.230469,571
gorilla,bursty,regular,4k,629,4097,8368,6.513514,2.456432,629
gorilla,constant,regular,4k,16318,4096,4272,0.251011,63.742188,16318
gorilla,constant_int,regular,4k,16318,4096,4272,0.251011,63.742188,16318
gorilla,counter,regular,4k,2168,4097,8368,1.889760,8.466683,2168
gorilla,discrete,regular,4k,3201,4097,8368,1.279913,12.500854,3201
gorilla,drift,irregular,1k,113,1030,2224,9.115044,1.755340,629
gorilla,drift,irregular,4k,452,4100,8368,9.070796,1.763902,629
gorilla,drift,irregular,64k,7214,65543,131248,9.085528,1.761042,629
gorilla,drift,jitter,1k,125,1028,2224,8.224000,1.945525,629
gorilla,drift,jitter,4k,504,4097,8368,8.128968,1.968269,629
gorilla,drift,jitter,64k,8064,65536,65712,8.126984,1.968750,629
gorilla,drift,regular,1k,157,1028,2224,6.547771,2.443580,629
gorilla,drift,regular,4k,629,4096,4272,6.511924,2.457031,629
gorilla,drift,regular,64k,10082,65541,131248,6.500793,2.461238,629
gorilla,noisy,irregular,1k,105,1026,2224,9.771429,1.637427,564
gorilla,noisy,irregular,4k,417,4103,8368,9.839329,1.626127,564
gorilla,noisy,irregular,64k,6663,65537,131248,9.835960,1.626684,564
gorilla,noisy,jitter,1k,115,1027,2224,8.930435,1.791626,564
gorilla,noisy,jitter,4k,461,4098,8368,8.889371,1.799902,564
gorilla,noisy,jitter,64k,6706,65539,131248,9.773188,1.637132,564
gorilla,noisy,regular,1k,140,1024,1200,7.314286,2.187500,564
gorilla,noisy,regular,4k,564,4098,8368,7.265957,2.202050,564
gorilla,noisy,regular,64k,9039,65542,131248,7.251023,2.206585,564
gorilla,periodic,regular,4k,488,4096,4272,8.393443,1.906250,488
tsxor,bursty,regular,4k,563,4096,5288,7.275311,2.199219,563
tsxor,constant,regular,4k,3622,4096,5288,1.130867,14.148438,3622
tsxor,constant_int,regular,4k,3622,4096,5288,1.130867,14.148438,3622
tsxor,counter,regular,4k,1239,4096,5288,3.305892,4.839844,1239
tsxor,discrete,regular,4k,3616,4096,5288,1.132743,14.125000,3616
tsxor,drift,irregular,1k,107,1025,3240,9.579439,1.670244,565
tsxor,drift,irregular,4k,439,4103,9384,9.346241,1.711918,565
tsxor,drift,irregular,64k,7096,65538,132264,9.235908,1.732369,565
tsxor,drift,jitter,1k,122,1024,2216,8.393443,1.906250,565
tsxor,drift,jitter,4k,496,4104,9384,8.274194,1.933723,565
tsxor,drift,jitter,64k,7972,65543,132264,8.221651,1.946081,565
tsxor,drift,regular,1k,139,1031,3240,7.417266,2.157129,565
tsxor,drift,regular,4k,565,4101,9384,7.258407,2.204340,565
tsxor,drift,regular,64k,9117,65537,132264,7.188439,2.225796,565
tsxor,noisy,irregular,1k,97,1028,3240,10.597938,1.509728,490
tsxor,noisy,irregular,4k,393,4098,9384,10.427481,1.534407,490
tsxor,noisy,irregular,64k,6336,65541,132264,10.344223,1.546757,490
tsxor,noisy,jitter,1k,106,1027,3240,9.688679,1.651412,490
tsxor,noisy,jitter,4k,435,4098,9384,9.420690,1.698389,490
tsxor,noisy,jitter,64k,7029,65544,132264,9.324797,1.715855,490
tsxor,noisy,regular,1k,119,1025,3240,8.613445,1.857561,490
tsxor,noisy,regular,4k,490,4099,9384,8.365306,1.912662,490
tsxor,noisy,regular,64k,7903,65543,132264,8.293433,1.929237,490
tsxor,periodic,regular,4k,488,4097,9384,8.395492,1.905785,488
uncompressed,bursty,regular,4k,256,4096,4272,16.000000,1.000000,256
uncompressed,constant,regular,4k,256,4096,4272,16.000000,1.000000,256
uncompressed,constant_int,regular,4k,256,4096,4272,16.000000,1.000000,256
uncompressed,counter,regular,4k,256,4096,4272,16.000000,1.000000,256
uncompressed,discrete,regular,4k,256,4096,4272,16.000000,1.000000,256
uncompressed,drift,irregular,1k,64,1024,1200,16.000000,1.000000,256
uncompressed,drift,irregular,4k,256,4096,4272,16.000000,1.000000,256
uncompressed,drift,irregular,64k,4096,65536,65712,16.000000,1.000000,256
uncompressed,drift,jitter,1k,64,1024,1200,16.000000,1.000000,256
uncompressed,drift,jitter,4k,256,4096,4272,16.000000,1.000000,256
uncompressed,drift,jitter,64k,4096,65536,65712,16.000000,1.000000,256
uncompressed,drift,regular,1k,64,1024,1200,16.000000,1.000000,256
uncompressed,drift,regular,4k,256,4096,4272,16.000000,1.000000,256
uncompressed,drift,regular,64k,4096,65536,65712,16.000000,1.000000,256
uncompressed,noisy,irregular,1k,64,1024,1200,16.000000,1.000000,256
uncompressed,noisy,irregular,4k,256,4096,4272,16.000000,1.000000,256
uncompressed,noisy,irregular,64k,4096,65536,65712,16.000000,1.000000,256
uncompressed,noisy,jitter,1k,64,1024,1200,16.000000,1.000000,256
uncompressed,noisy,jitter,4k,256,4096,4272,16.000000,1.000000,256
uncompressed,noisy,jitter,64k,4096,65536,65712,16.000000,1.000000,256
uncompressed,noisy,regular,1k,64,1024,1200,16.000000,1.000000,256
uncompressed,noisy,regular,4k,256,4096,4272,16.000000,1.000000,256
uncompressed,noisy,regular,64k,4096,65536,65712,16.000000,1.000000,256
uncompressed,periodic,regular,4k,256,4096,4272,16.000000,1.000000,256
xor2,bursty,regular,4k,479,4099,8368,8.557411,1.869724,479
xor2,constant,regular,4k,1538,4098,8368,2.664499,6.004880,1538
xor2,constant_int,regular,4k,1538,4098,8368,2.664499,6.004880,1538
xor2,counter,regular,4k,985,4099,8368,4.161421,3.844840,985
xor2,discrete,regular,4k,1104,4098,8368,3.711957,4.310395,1104
xor2,drift,irregular,1k,122,1029,2224,8.434426,1.896987,479
xor2,drift,irregular,4k,400,4102,8368,10.255000,1.560215,479
xor2,drift,irregular,64k,5940,65537,131248,11.033165,1.450173,479
xor2,drift,jitter,1k,121,1025,2224,8.471074,1.888780,479
xor2,drift,jitter,4k,399,4101,8368,10.278195,1.556693,479
xor2,drift,jitter,64k,5929,65540,131248,11.054141,1.447421,479
xor2,drift,regular,1k,147,1028,2224,6.993197,2.287938,479
xor2,drift,regular,4k,479,4099,8368,8.557411,1.869724,479
xor2,drift,regular,64k,7121,65537,131248,9.203342,1.738499,479
xor2,noisy,irregular,1k,112,1025,2224,9.151786,1.748293,443
xor2,noisy,irregular,4k,373,4099,8368,10.989276,1.455965,443
xor2,noisy,irregular,64k,5554,65542,131248,11.800864,1.355833,443
xor2,noisy,jitter,1k,112,1032,2224,9.214286,1.736434,443
xor2,noisy,jitter,4k,374,4104,8368,10.973262,1.458090,443
xor2,noisy,jitter,64k,5191,65539,131248,12.625506,1.267276,443
xor2,noisy,regular,1k,136,1029,2224,7.566176,2.114674,443
xor2,noisy,regular,4k,443,4099,8368,9.252822,1.729202,443
xor2,noisy,regular,64k,6587,65539,131248,9.949750,1.608081,443
xor2,periodic,regular,4k,398,4097,8368,10.293970,1.554308,398
